,
16
32
48
64
80
96
112
128
144
160
176
192
208
224
240
256
272
288
304
320
336
352
368
384
400
416
432
448
464
480
496
,16
16,16
32,16
48,16
64,16
80,16
96,16
112,16
128,16
144,16
160,16
176,16
192,16
208,16
224,16
240,16
256,16
272,16
288,16
304,16
320,16
336,16
352,16
368,16
384,16
400,16
416,16
432,16
448,16
464,16
480,16
496,16
,32
16,32
32,32
48,32
64,32
80,32
96,32
112,32
128,32
144,32
160,32
176,32
192,32
208,32
224,32
240,32
256,32
272,32
288,32
304,32
320,32
336,32
352,32
368,32
384,32
400,32
416,32
432,32
448,32
464,32
480,32
496,32
,48
16,48
480,368,8,16
32,48
48,48
64,48
80,48
96,48
112,48
128,48
144,48
160,48
176,48
192,48
208,48
224,48
240,48
240,48,,,,,3
240,48,,,,,5
240,48,,,,,7
256,48
256,48,,,,,3
256,48,,,,,5
256,48,,,,,7
272,48
272,48,,,,,3
272,48,,,,,5
272,48,,,,,7
288,48
288,48,,,,,3
288,48,,,,,5
288,48,,,,,7
304,48
304,48,,,,,3
304,48,,,,,5
304,48,,,,,7
320,48
320,48,,,,,3
320,48,,,,,5
320,48,,,,,7
384,384,8,16
384,384,8,16,,,3
384,384,8,16,,,5
384,384,8,16,,,7
392,384,8,16
392,384,8,16,,,3
392,384,8,16,,,5
392,384,8,16,,,7
336,48
336,48,,,,,3
336,48,,,,,5
336,48,,,,,7
400,384,8,16
400,384,8,16,,,3
400,384,8,16,,,5
400,384,8,16,,,7
408,384,8,16
408,384,8,16,,,3
408,384,8,16,,,5
408,384,8,16,,,7
352,48
352,48,,,,,3
352,48,,,,,5
352,48,,,,,7
368,48
368,48,,,,,3
368,48,,,,,5
368,48,,,,,7
168,496,8,16
176,496,8,16
168,496,8,16,,,9
184,496,8,16
384,48
400,48
480,328,16,8
480,328,16,8,,,3
480,328,16,8,,,5
480,328,16,8,,,7
496,328,16,8
496,328,16,8,,,3
496,328,16,8,,,5
496,328,16,8,,,7
328,384,8,16
328,384,8,16,,,3
328,384,8,16,,,5
328,384,8,16,,,7
416,48
432,48
448,48
464,48
480,48
496,48
,64
,64,,,,,3
,64,,,,,5
,64,,,,,7
16,64
16,64,,,,,3
16,64,,,,,5
16,64,,,,,7
352,384,8,16
352,384,8,16,,,3
352,384,8,16,,,5
352,384,8,16,,,7
360,384,8,16
360,384,8,16,,,3
360,384,8,16,,,5
360,384,8,16,,,7
368,384,8,16
368,384,8,16,,,3
368,384,8,16,,,5
368,384,8,16,,,7
32,64
48,64
64,64
80,64
96,64
112,64
128,64
144,64
160,64
176,64
192,64
208,64
224,64
240,64
256,64
272,64
288,64
304,64
320,64
336,64
504,352,8,16
336,64,,,,,9
352,64
368,64
496,352,8,16
368,64,,,,,9
384,64
400,64
416,64
400,80
168,480,8,16
432,64
448,64
464,64
480,64
496,64
,80
16,80
32,80
48,80
64,80
48,80,,,,,9
32,80,,,,,7
48,80,,,,,7
64,80,,,,,7
48,80,,,,,25
80,80
96,80
80,80,,,,,9
96,80,,,,,9
416,392,8,8
424,384,8,16
112,80
128,80
144,80
160,80
176,80
192,80
208,80
224,80
240,80
256,80
272,80
288,80
304,80
304,80,,,,,3
320,80
320,80,,,,,9
336,80
352,80
488,352,8,16
368,80
384,80
416,80
432,80
448,80
464,80
480,80
496,80
,96
16,96
32,96
48,96
48,96,,,,,3
48,96,,,,,5
48,96,,,,,7
64,96
64,96,,,,,3
64,96,,,,,5
64,96,,,,,7
80,96
96,96
400,496,16,8
400,496,16,8,,,3
400,496,16,8,,,5
400,496,16,8,,,7
112,96
128,96
144,96
160,96
176,96
192,96
208,96
224,96
240,96
256,96
272,96
488,368,8,16
488,368,8,16,,,3
488,368,8,16,,,5
488,368,8,16,,,7
376,384,8,16
376,384,8,16,,,3
376,384,8,16,,,5
376,384,8,16,,,7
288,96
288,96,,,,,3
288,96,,,,,5
288,96,,,,,7
304,96
304,96,,,,,3
304,96,,,,,5
304,96,,,,,7
320,96
320,96,,,,,3
320,96,,,,,5
320,96,,,,,7
336,96
352,96
368,96
384,96
400,96
416,96
432,96
448,96
464,96
480,96
496,96
480,352,8,16
,112
,112,,,,,3
,112,,,,,5
,112,,,,,7
16,112
16,112,,,,,3
16,112,,,,,5
16,112,,,,,7
32,112
32,112,,,,,3
32,112,,,,,5
32,112,,,,,7
48,112
48,112,,,,,3
48,112,,,,,5
48,112,,,,,7
64,112
80,112
96,112
112,112
96,112,,,,,9
128,112
144,120,16,8
160,120,16,8
144,112,16,8
160,112,16,8
176,112
176,112,,,,,3
176,112,,,,,5
176,112,,,,,7
192,112
192,112,,,,,3
192,112,,,,,5
192,112,,,,,7
208,112
208,112,,,,,3
208,112,,,,,5
208,112,,,,,7
224,112
224,112,,,,,3
224,112,,,,,5
224,112,,,,,7
240,112
240,112,,,,,3
240,112,,,,,5
240,112,,,,,7
256,112
256,112,,,,,9
256,112,,,,,3
256,112,,,,,1
256,112,,,,,5
256,112,,,,,3
256,112,,,,,7
256,112,,,,,5
272,112
272,112,,,,,3
272,112,,,,,5
272,112,,,,,7
288,112
304,112
288,112,,,,,3
304,112,,,,,3
288,112,,,,,5
304,112,,,,,5
288,112,,,,,7
304,112,,,,,7
320,112
336,112
320,112,,,,,9
336,112,,,,,9
352,112
352,112,,,,,9
352,112,,,,,3
352,112,,,,,1
352,112,,,,,5
352,112,,,,,3
352,112,,,,,7
352,112,,,,,5
368,112
368,112,,,,,9
368,112,,,,,3
368,112,,,,,1
368,112,,,,,5
368,112,,,,,3
368,112,,,,,7
368,112,,,,,5
384,112
384,112,,,,,3
384,112,,,,,5
384,112,,,,,7
400,112
400,112,,,,,3
400,112,,,,,5
400,112,,,,,7
416,112
416,112,,,,,3
416,112,,,,,5
416,112,,,,,7
432,112
416,400,8,16
424,400,8,16
432,400,8,16
440,400,8,16
448,400,8,16
456,400,8,16
320,128
336,128
352,128
368,128
384,128
400,128
416,128
432,128
448,128
464,128
480,128
496,128
,272
16,272
,272,,,,,9
32,272
48,272
48,272
48,272,,,,,9
48,272,,,,,9
64,272
80,272
64,272,,,,,9
96,272
112,272
112,272
112,272,,,,,9
112,272,,,,,9
128,272
144,272
128,272,,,,,9
160,272
176,272
176,272
176,272,,,,,9
176,272,,,,,9
192,272
208,272
192,272,,,,,9
224,272
240,272
240,272
240,272,,,,,9
240,272,,,,,9
,144
16,144
,144
32,144
48,144
64,144
48,144
64,144,,,,,9
,144,,,,,9
16,144,,,,,9
,144,,,,,9
32,144,,,,,9
80,144
96,144
80,144
96,144,,,,,9
112,144
112,144
112,144,,,,,9
112,144,,,,,9
128,144
144,144
128,144
160,144
176,144
192,144
176,144
192,144,,,,,9
128,144,,,,,9
144,144,,,,,9
128,144,,,,,9
160,144,,,,,9
208,144
224,144
208,144
224,144,,,,,9
240,144
240,144
240,144,,,,,9
240,144,,,,,9
256,144
272,144
256,144
288,144
304,144
320,144
304,144
320,144,,,,,9
256,144,,,,,9
272,144,,,,,9
256,144,,,,,9
288,144,,,,,9
336,144
352,144
336,144
352,144,,,,,9
368,144
368,144
368,144,,,,,9
368,144,,,,,9
384,144
400,144
384,144
416,144
432,144
448,144
432,144
448,144,,,,,9
384,144,,,,,9
400,144,,,,,9
384,144,,,,,9
416,144,,,,,9
464,144
480,144
464,144
480,144,,,,,9
496,144
496,144
496,144,,,,,9
496,144,,,,,9
,160
16,160
,160
32,160
48,160
64,160
48,160
64,160,,,,,9
,160,,,,,9
16,160,,,,,9
,160,,,,,9
32,160,,,,,9
80,160
96,160
80,160
96,160,,,,,9
112,160
112,160
112,160,,,,,9
112,160,,,,,9
128,160
144,160
128,160
160,160
176,160
192,160
176,160
192,160,,,,,9
128,160,,,,,9
144,160,,,,,9
128,160,,,,,9
160,160,,,,,9
208,160
224,160
208,160
224,160,,,,,9
240,160
240,160
240,160,,,,,9
240,160,,,,,9
256,160
272,160
256,160
288,160
304,160
320,160
304,160
320,160,,,,,9
256,160,,,,,9
272,160,,,,,9
256,160,,,,,9
288,160,,,,,9
336,160
352,160
336,160
352,160,,,,,9
368,160
368,160
368,160,,,,,9
368,160,,,,,9
384,160
400,160
384,160
416,160
432,160
448,160
432,160
448,160,,,,,9
384,160,,,,,9
400,160,,,,,9
384,160,,,,,9
416,160,,,,,9
464,160
480,160
464,160
480,160,,,,,9
496,160
496,160
496,160,,,,,9
496,160,,,,,9
,176
16,176
,176
32,176
48,176
64,176
48,176
64,176,,,,,9
,176,,,,,9
16,176,,,,,9
,176,,,,,9
32,176,,,,,9
80,176
96,176
80,176
96,176,,,,,9
112,176
112,176
112,176,,,,,9
112,176,,,,,9
128,176
144,176
128,176
160,176
176,176
192,176
176,176
192,176,,,,,9
128,176,,,,,9
144,176,,,,,9
128,176,,,,,9
160,176,,,,,9
208,176
224,176
208,176
224,176,,,,,9
240,176
240,176
240,176,,,,,9
240,176,,,,,9
256,176
272,176
256,176
288,176
304,176
320,176
304,176
320,176,,,,,9
256,176,,,,,9
272,176,,,,,9
256,176,,,,,9
288,176,,,,,9
336,176
352,176
336,176
352,176,,,,,9
368,176
368,176
368,176,,,,,9
368,176,,,,,9
384,176
400,176
384,176
416,176
432,176
448,176
432,176
448,176,,,,,9
384,176,,,,,9
400,176,,,,,9
384,176,,,,,9
416,176,,,,,9
464,176
480,176
464,176
480,176,,,,,9
496,176
496,176
496,176,,,,,9
496,176,,,,,9
,192
16,192
,192
32,192
48,192
64,192
48,192
64,192,,,,,9
,192,,,,,9
16,192,,,,,9
,192,,,,,9
32,192,,,,,9
80,192
96,192
80,192
96,192,,,,,9
112,192
112,192
112,192,,,,,9
112,192,,,,,9
128,192
144,192
128,192
160,192
176,192
192,192
176,192
192,192,,,,,9
128,192,,,,,9
144,192,,,,,9
128,192,,,,,9
160,192,,,,,9
208,192
224,192
208,192
224,192,,,,,9
240,192
240,192
240,192,,,,,9
240,192,,,,,9
256,192
272,192
256,192
288,192
304,192
320,192
304,192
320,192,,,,,9
256,192,,,,,9
272,192,,,,,9
256,192,,,,,9
288,192,,,,,9
336,192
352,192
336,192
352,192,,,,,9
368,192
368,192
368,192,,,,,9
368,192,,,,,9
384,192
400,192
384,192
416,192
432,192
448,192
432,192
448,192,,,,,9
384,192,,,,,9
400,192,,,,,9
384,192,,,,,9
416,192,,,,,9
464,192
480,192
464,192
480,192,,,,,9
496,192
496,192
496,192,,,,,9
496,192,,,,,9
,208
16,208
,208
32,208
48,208
64,208
48,208
64,208,,,,,9
,208,,,,,9
16,208,,,,,9
,208,,,,,9
32,208,,,,,9
80,208
96,208
80,208
96,208,,,,,9
112,208
112,208
112,208,,,,,9
112,208,,,,,9
128,208
144,208
128,208
160,208
176,208
192,208
176,208
192,208,,,,,9
128,208,,,,,9
144,208,,,,,9
128,208,,,,,9
160,208,,,,,9
208,208
224,208
208,208
224,208,,,,,9
240,208
240,208
240,208,,,,,9
240,208,,,,,9
256,208
272,208
256,208
288,208
304,208
320,208
304,208
320,208,,,,,9
256,208,,,,,9
272,208,,,,,9
256,208,,,,,9
288,208,,,,,9
336,208
352,208
336,208
352,208,,,,,9
368,208
368,208
368,208,,,,,9
368,208,,,,,9
384,208
400,208
384,208
416,208
432,208
448,208
432,208
448,208,,,,,9
384,208,,,,,9
400,208,,,,,9
384,208,,,,,9
416,208,,,,,9
464,208
480,208
464,208
480,208,,,,,9
496,208
496,208
496,208,,,,,9
496,208,,,,,9
,224
16,224
,224
32,224
48,224
64,224
48,224
64,224,,,,,9
,224,,,,,9
16,224,,,,,9
,224,,,,,9
32,224,,,,,9
80,224
96,224
80,224
96,224,,,,,9
112,224
112,224
112,224,,,,,9
112,224,,,,,9
128,224
144,224
128,224
160,224
176,224
192,224
176,224
192,224,,,,,9
128,224,,,,,9
144,224,,,,,9
128,224,,,,,9
160,224,,,,,9
208,224
224,224
208,224
224,224,,,,,9
240,224
240,224
240,224,,,,,9
240,224,,,,,9
256,224
272,224
256,224
288,224
304,224
320,224
304,224
320,224,,,,,9
256,224,,,,,9
272,224,,,,,9
256,224,,,,,9
288,224,,,,,9
336,224
352,224
336,224
352,224,,,,,9
368,224
368,224
368,224,,,,,9
368,224,,,,,9
384,224
400,224
384,224
416,224
432,224
448,224
432,224
448,224,,,,,9
384,224,,,,,9
400,224,,,,,9
384,224,,,,,9
416,224,,,,,9
464,224
480,224
464,224
480,224,,,,,9
496,224
496,224
496,224,,,,,9
496,224,,,,,9
,240
16,240
,240
32,240
48,240
64,240
48,240
64,240,,,,,9
,240,,,,,9
16,240,,,,,9
,240,,,,,9
32,240,,,,,9
80,240
96,240
80,240
96,240,,,,,9
112,240
112,240
112,240,,,,,9
112,240,,,,,9
128,240
144,240
128,240
160,240
176,240
192,240
176,240
192,240,,,,,9
128,240,,,,,9
144,240,,,,,9
128,240,,,,,9
160,240,,,,,9
208,240
224,240
208,240
224,240,,,,,9
240,240
240,240
240,240,,,,,9
240,240,,,,,9
256,240
272,240
256,240
288,240
304,240
320,240
304,240
320,240,,,,,9
256,240,,,,,9
272,240,,,,,9
256,240,,,,,9
288,240,,,,,9
336,240
352,240
336,240,,,,,9
352,240
368,240
368,240
368,240,,,,,9
368,240,,,,,9
384,240
400,240
384,240
416,240
432,240
448,240
432,240
448,240,,,,,9
384,240,,,,,9
400,240,,,,,9
384,240,,,,,9
416,240,,,,,9
464,240
480,240
464,240
480,240,,,,,9
496,240
496,240
496,240,,,,,9
496,240,,,,,9
,256
16,256
,256
32,256
48,256
64,256
48,256
64,256,,,,,9
,256,,,,,9
16,256,,,,,9
,256,,,,,9
32,256,,,,,9
80,256
96,256
80,256
96,256,,,,,9
112,256
112,256
112,256,,,,,9
112,256,,,,,9
128,256
144,256
128,256
160,256
176,256
192,256
176,256
192,256,,,,,9
128,256,,,,,9
144,256,,,,,9
128,256,,,,,9
160,256,,,,,9
208,256
224,256
208,256
224,256,,,,,9
240,256
240,256
240,256,,,,,9
240,256,,,,,9
,304
,304,,,,,9
16,304
16,304,,,,,9
32,304
48,304
32,304,,,,,9
48,304,,,,,9
256,256
272,256
256,256
288,256
304,256
320,256
304,256
320,256,,,,,9
256,256,,,,,9
272,256,,,,,9
256,256,,,,,9
288,256,,,,,9
336,256
352,256
336,256
352,256,,,,,9
368,256
368,256
368,256,,,,,9
368,256,,,,,9
384,256
400,256
384,256
416,256
432,256
448,256
432,256
448,256,,,,,9
384,256,,,,,9
400,256,,,,,9
384,256,,,,,9
416,256,,,,,9
464,256
480,256
464,256
480,256,,,,,9
496,256
496,256
496,256,,,,,9
496,256,,,,,9
256,272
272,272
256,272,,,,,9
272,272,,,,,9
272,272
272,272,,,,,9
288,272
288,272,,,,,9
304,272
304,272,,,,,9
320,272
336,272
320,272,,,,,9
336,272,,,,,9
336,272
336,272,,,,,9
352,272
352,272,,,,,9
368,272
368,272,,,,,9
384,272
400,272
384,272
400,272,,,,,9
416,272
416,272,,,,,9
432,272
432,272,,,,,9
448,272
480,272,,,,,9
480,272
496,272,,,,,9
496,272
464,272,,,,,9
464,272
464,272,,,,,25
464,272,,,,,7
336,384,16,8
432,464,16,8
336,392,16,8
432,384,16,8
464,392,8,8
432,392,8,8
440,392,8,8
448,384,8,16
456,384,8,16
464,384,8,8
464,384,8,8,,,9
464,384,8,8,,,7
464,384,8,8,,,25
472,384,8,8
48,288
64,288
80,288
64,288,,,,,9
96,288
112,288
128,288
112,288,,,,,9
,288
16,288
32,288
144,288
160,288
176,288
160,288,,,,,9
192,288
208,288
224,288
240,288
256,288
272,288
288,288
304,288
320,288
336,288
352,288
368,288
384,288
400,288
416,288
432,288
416,288
448,288
464,288
480,288
496,288
64,304
80,304
96,304
112,304
128,304
144,304
160,304
128,304,48,16
176,304
192,304
208,304
176,304,48,16
224,304
240,304
256,304
224,304,48,16
272,304
288,304
304,304
272,304,48,16
,416,24,32
24,416,24,32
48,416,24,32
72,416,24,32
96,416,24,32
120,416,24,32
144,416,24,32
120,416,24,32,,,9
96,416,24,32,,,9
72,416,24,32,,,9
48,416,24,32,,,9
24,416,24,32,,,9
,448,24,32
24,448,24,32
48,448,24,32
72,448,24,32
96,448,24,32
120,448,24,32
144,448,24,32
120,448,24,32,,,9
96,448,24,32,,,9
72,448,24,32,,,9
48,448,24,32,,,9
24,448,24,32,,,9
,480,24,32
24,480,24,32
48,480,24,32
72,480,24,32
96,480,24,32
120,480,24,32
144,480,24,32
120,480,24,32,,,9
96,480,24,32,,,9
72,480,24,32,,,9
48,480,24,32,,,9
24,480,24,32,,,9
168,416,24,32
192,416,24,32
216,416,24,32
168,448,24,32
192,448,24,32
216,448,24,32
352,400,32,16
384,400,32,16
264,448,24,8
264,456,24,8
264,464,24,8
264,456,24,8,,,9
176,480,16,8
176,488,16,8
400,472,16,8
400,480,16,8
400,488,16,8
320,384,8,16
424,488,8,16
352,416,16,8
352,424,16,8
352,432,16,8
352,416,16,24
416,472,8,16
424,472,8,16
432,472,8,16
440,472,8,16
400,440,8,16
408,440,8,16
416,440,8,16
424,440,8,16
400,456,8,16
408,456,8,16
416,456,8,16
424,456,8,16
472,400,8,8
472,408,8,8
480,480,8,8
488,480,8,8
480,480,8,8,,,9
488,480,8,8
496,480,8,8
504,480,8,8
496,480,8,8,,,9
504,480,8,8
288,504,8,8
296,504,8,8
304,504,8,8
296,504,8,8
264,472,8,8
272,472,8,8
280,472,8,8
464,408,8,8
464,400,8,8
440,488,8,16
432,488,8,16
368,416,16,24
448,112
464,112
480,112
496,112
432,440,16,8
432,448,16,8
432,456,16,8
384,432,8,8
392,432,8,8
496,368,8,8
496,376,8,8
504,368,8,16
192,128
208,128
224,128
240,128
256,128
272,128
288,128
304,128
,128
16,128
32,128
48,128
64,128
80,128
96,128
112,128
128,128
144,128
160,128
176,128
96,384,32,32
128,384,32,32
160,384,32,32
192,384,32,32
224,384,32,32
256,384,32,32
288,384,32,32
320,400,32,16
,320,32,32
32,320,32,32
64,320,32,32
96,320,32,32
96,320,32,32,,,9
128,320,32,32
160,320,32,32
192,320,32,32
224,320,32,32
128,320,32,32,,,9
160,320,32,32,,,9
192,320,32,32,,,9
224,320,32,32,,,9
256,320,32,32
288,320,32,32
256,320,32,32
320,320,32,32
256,320,32,32,,,9
288,320,32,32,,,9
256,320,32,32,,,9
320,320,32,32,,,9
256,320,32,32
352,320,32,32
256,320,32,32,,,9
352,320,32,32,,,9
384,320,32,32
416,320,32,32
448,320,32,32
384,320,32,32,,,9
416,320,32,32,,,9
448,320,32,32,,,9
480,336,32,16
480,336,32,16,,,9
,384,32,32
32,384,32,32
64,384,32,32
336,480,16,32,,,7
64,384,32,32
336,480,16,32
240,416,24,32
264,416,24,32
336,448,16,32
240,448,24,32
336,416,16,32
416,496,8,8
416,488,8,8
496,320,16,8
480,320,16,8
,352,32,32
32,352,32,32
64,352,32,32
96,352,32,32
128,352,32,32
160,352,32,32
192,352,32,32
224,352,32,32
256,352,32,32
288,352,32,32
320,352,32,32
352,352,32,32
384,352,32,32
416,352,32,32
448,352,32,32
480,400,32,48
480,448,32,32
448,416,32,32
416,416,32,24
480,384,32,16
384,416,32,16
464,448,16,32
448,448,16,32
448,480,16,32
464,480,16,32
288,416,24,48
288,464,24,40
464,448,16,64
320,304
336,304
352,304
312,416,24,48
312,416,24,48,,,9
352,440,48,72
368,304,80,16
448,304,64,16
480,496,24,16
496,488
480,496,32,8
480,488,24,16
488,488,16,24
488,496,24,16
192,480,96,32
400,504,32,8
400,504,24,8
400,504,24,8,,,9
432,504,8,8
440,504,8,8
400,432,8,8
408,432,8,8
312,464,24,48
,
,
,
,
,
,
,
,
,
,
,
,
,
,
,
,
,
,
,
,
,
,
,
,
,
,
,
,
,
,
,
,
,
,
,
,
,
,
,
,
,
,
,
,
,
,
,
,
,
,
,
,
,
,
,
,
,
,
,
,
,
,
,
,
,
,
,
,
,
,
,
,
,
,
,
,
,
,
,
,
,
,
,
,
,
,
,
,
,
,
,
,
,
,
,
,
,
,
,
,
,
,
,
,
,
,
,
,
,
,
,
,
,
,
,
,
,
,
,
,
,
,
,
,
,
,
,
,
,
,
,
,
,
,
,
,
,
,
,
,
,
,
,
,
,
,
,
,
,
,
,
,
,
,
,
,
,
,
,
,
,
,
,
,
,
,
,
,
,
,
,
,
,
,
,
,
,
,
,
,
,
,
,
,
,
,
,
,
,
,
,
,
,
,
,
,
,
,
,
,
,
,
,
,
,
,
,
,
,
,
,
,
,
,
,
,
,
,
,
,
,
,
,
,
,
,
,
,
,
,
,
,
,
,
,
,
,
,
,
,
,
,
,
,
,
,
,
,
,
,
,
,
,
,
,
,
,
,
,
,
,
,
,
,
,
,
,
,
,
,
,
,
,
,
,
,
,
,
,
,
,
,
,
,
,
,
,
,
,
,
,
,
,
,
,
,
,
,
,
,
,
,
,
,
,
,
,
,
,
,
,
,
,
,
,
,
,
,
,
,
,
,
,
,
,
,
,
,
,
,
,
,
,
,
,
,
,
,
,
,
,
,
,
,
,
,
,
,
,
,
,
,
,
,
,
,
,
,
,
,
,
,
,
,
,
,
,
,
,
,
,
,
,
,
,
,
,
,
,
,
,
,
,
,
,
,
,
,
,
,
,
,
,
,
,
,
,
,
,
,
,
,
,
,
,
,
,
,
,
,
,
,
,
,
,
,
,
,
,
,
,
,
,
,
,
,
,
,
,
,
,
,
,
,
,
,
,
,
,
,
,
,
,
,
,
,
,
,
,
,
,
,
,
,
,
,
,
,
,
,
,
,
,
,
,
,
,
,
,
,
,
,
,
,
,
,
,
,
,
,
,
,
,
,
,
,
,
,
,
,
,
,
,
,
,
,
,
,
,
,
,
,
,
,
,
,
,
,
,
,
,
,
,
,
,
,
,
,
,
,
,
,
,
,
,
,
,
,
,
,
,
,
,
,
,
,
,
,
,
,
,
,
,
,
,
,
,
,
,
,
,
,
,
,
,
,
,
,
,
,
,
,
,
,
,
,,,,8,15,1
16,,,,8,15,1
32,,,,8,15,1
48,,,,8,15,1
64,,,,8,15,1
80,,,,8,15,1
96,,,,8,15,1
112,,,,8,15,1
128,,,,8,15,1
144,,,,8,15,1
160,,,,8,15,1
176,,,,8,15,1
192,,,,8,15,1
208,,,,8,15,1
224,,,,8,15,1
240,,,,8,15,1
256,,,,8,15,1
272,,,,8,15,1
288,,,,8,15,1
304,,,,8,15,1
320,,,,8,15,1
336,,,,8,15,1
352,,,,8,15,1
368,,,,8,15,1
384,,,,8,15,1
400,,,,8,15,1
416,,,,8,15,1
432,,,,8,15,1
448,,,,8,15,1
464,,,,8,15,1
480,,,,8,15,1
496,,,,8,15,1
,16,,,8,15,1
16,16,,,8,15,1
32,16,,,8,15,1
48,16,,,8,15,1
64,16,,,8,15,1
80,16,,,8,15,1
96,16,,,8,15,1
112,16,,,8,15,1
128,16,,,8,15,1
144,16,,,8,15,1
160,16,,,8,15,1
176,16,,,8,15,1
192,16,,,8,15,1
208,16,,,8,15,1
224,16,,,8,15,1
240,16,,,8,15,1
256,16,,,8,15,1
272,16,,,8,15,1
288,16,,,8,15,1
304,16,,,8,15,1
320,16,,,8,15,1
336,16,,,8,15,1
352,16,,,8,15,1
368,16,,,8,15,1
384,16,,,8,15,1
400,16,,,8,15,1
416,16,,,8,15,1
432,16,,,8,15,1
448,16,,,8,15,1
464,16,,,8,15,1
480,16,,,8,15,1
496,16,,,8,15,1
,32,,,8,15,1
16,32,,,8,15,1
32,32,,,8,15,1
48,32,,,8,15,1
64,32,,,8,15,1
80,32,,,8,15,1
96,32,,,8,15,1
112,32,,,8,15,1
128,32,,,8,15,1
144,32,,,8,15,1
160,32,,,8,15,1
176,32,,,8,15,1
192,32,,,8,15,1
208,32,,,8,15,1
224,32,,,8,15,1
240,32,,,8,15,1
256,32,,,8,15,1
272,32,,,8,15,1
288,32,,,8,15,1
304,32,,,8,15,1
320,32,,,8,15,1
336,32,,,8,15,1
352,32,,,8,15,1
368,32,,,8,15,1
384,32,,,8,15,1
400,32,,,8,15,1
416,32,,,8,15,1
432,32,,,8,15,1
448,32,,,8,15,1
464,32,,,8,15,1
480,32,,,8,15,1
496,32,,,8,15,1
,48,,,8,15,1
16,48,,,8,15,1
480,368,8,16,4,15,1
32,48,,,8,15,1
48,48,,,8,15,1
64,48,,,8,15,1
80,48,,,8,15,1
96,48,,,8,15,1
112,48,,,8,15,1
128,48,,,8,15,1
144,48,,,8,15,1
160,48,,,8,15,1
176,48,,,8,15,1
192,48,,,8,15,1
208,48,,,8,15,1
224,48,,,8,15,1
240,48,,,8,15,1
240,48,,,0,8,3
240,48,,,8,0,5
240,48,,,15,8,7
256,48,,,8,15,1
256,48,,,0,8,3
256,48,,,8,0,5
256,48,,,15,8,7
272,48,,,8,15,1
272,48,,,0,8,3
272,48,,,8,0,5
272,48,,,15,8,7
288,48,,,8,8,1
288,48,,,8,8,3
288,48,,,8,8,5
288,48,,,8,8,7
304,48,,,8,15,1
304,48,,,0,8,3
304,48,,,8,0,5
304,48,,,15,8,7
320,48,,,8,15,1
320,48,,,0,8,3
320,48,,,8,0,5
320,48,,,15,8,7
384,384,8,16,4,15,1
384,384,8,16,0,4,3
384,384,8,16,4,0,5
384,384,8,16,15,4,7
392,384,8,16,4,15,1
392,384,8,16,0,4,3
392,384,8,16,4,0,5
392,384,8,16,15,4,7
336,48,,,8,15,1
336,48,,,0,8,3
336,48,,,8,0,5
336,48,,,15,8,7
400,384,8,16,4,15,1
400,384,8,16,0,4,3
400,384,8,16,4,0,5
400,384,8,16,15,4,7
408,384,8,16,4,15,1
408,384,8,16,0,4,3
408,384,8,16,4,0,5
408,384,8,16,15,4,7
352,48,,,8,15,1
352,48,,,0,8,3
352,48,,,8,0,5
352,48,,,15,8,7
368,48,,,8,15,1
368,48,,,0,8,3
368,48,,,8,0,5
368,48,,,15,8,7
168,496,8,16,4,8,1
176,496,8,16,4,8,1
168,496,8,16,4,8,9
184,496,8,16,4,8,1
384,48,,,8,15,1
400,48,,,8,15,1
480,328,16,8,8,8,1
480,328,16,8,0,8,3
480,328,16,8,8,0,5
480,328,16,8,8,8,7
496,328,16,8,8,8,1
496,328,16,8,0,8,3
496,328,16,8,8,0,5
496,328,16,8,8,8,7
328,384,8,16,4,15,1
328,384,8,16,0,4,3
328,384,8,16,4,0,5
328,384,8,16,15,4,7
416,48,,,8,8,1
432,48,,,8,15,1
448,48,,,4,15,1
464,48,,,8,15,1
480,48,,,8,15,1
496,48,,,8,15,1
,64,,,8,15,1
,64,,,0,8,3
,64,,,8,0,5
,64,,,15,8,7
16,64,,,8,15,1
16,64,,,0,8,3
16,64,,,8,0,5
16,64,,,15,8,7
352,384,8,16,4,15,1
352,384,8,16,0,4,3
352,384,8,16,4,0,5
352,384,8,16,15,4,7
360,384,8,16,4,15,1
360,384,8,16,0,4,3
360,384,8,16,4,0,5
360,384,8,16,15,4,7
368,384,8,16,4,15,1
368,384,8,16,0,4,3
368,384,8,16,4,0,5
368,384,8,16,15,4,7
32,64,,,8,15,1
48,64,,,8,15,1
64,64,,,8,15,1
80,64,,,8,15,1
96,64,,,8,15,1
112,64,,,8,15,1
128,64,,,8,15,1
144,64,,,8,15,1
160,64,,,8,15,1
176,64,,,8,15,1
192,64,,,8,15,1
208,64,,,8,15,1
224,64,,,8,15,1
240,64,,,8,15,1
256,64,,,8,15,1
272,64,,,8,15,1
288,64,,,8,15,1
304,64,,,8,15,1
320,64,,,8,15,1
336,64,,,8,15,1
504,352,8,16,4,15,1
336,64,,,8,15,9
352,64,,,8,15,1
368,64,,,8,15,1
496,352,8,16,4,15,1
368,64,,,8,15,9
384,64,,,8,15,1
400,64,,,8,15,1
416,64,,,8,15,1
400,80,,,8,15,1
168,480,8,16,4,0,1
432,64,,,8,15,1
448,64,,,8,15,1
464,64,,,8,15,1
480,64,,,8,15,1
496,64,,,8,15,1
,80,,,8,16,1
16,80,,,8,15,1
32,80,,,8,15,1
48,80,,,8,15,1
64,80,,,8,15,1
48,80,,,8,15,9
32,80,,,8,15,17
48,80,,,8,15,17
64,80,,,8,15,17
48,80,,,8,15,25
80,80,,,8,15,1
96,80,,,8,15,1
80,80,,,8,15,9
96,80,,,8,15,9
416,392,8,8,4,7,1
424,384,8,16,4,15,1
112,80,,,8,15,1
128,80,,,8,15,1
144,80,,,8,15,1
160,80,,,8,15,1
176,80,,,8,15,1
192,80,,,8,15,1
208,80,,,8,15,1
224,80,,,8,15,1
240,80,,,8,15,1
256,80,,,8,15,1
272,80,,,8,15,1
288,80,,,8,15,1
304,80,,,8,15,1
304,80,,,8,15,3
320,80,,,8,8,1
320,80,,,8,8,9
336,80,,,8,8,1
352,80,,,8,8,1
488,352,8,16,4,8,1
368,80,,,8,8,1
384,80,,,8,8,1
416,80,,,8,8,1
432,80,,,8,8,1
448,80,,,8,8,1
464,80,,,8,8,1
480,80,,,8,8,1
496,80,,,8,8,1
,96,,,8,8,1
16,96,,,8,8,1
32,96,,,8,8,1
48,96,,,8,8,1
48,96,,,8,8,3
48,96,,,8,8,5
48,96,,,8,8,7
64,96,,,8,8,1
64,96,,,8,8,3
64,96,,,8,8,5
64,96,,,8,8,7
80,96,,,8,8,1
96,96,,,8,8,1
400,496,16,8,8,4,1
400,496,16,8,4,8,3
400,496,16,8,8,4,5
400,496,16,8,4,8,7
112,96,,,2,15,1
128,96,,,8,8,1
144,96,,,8,15,1
160,96,,,8,15,1
176,96,,,8,15,1
192,96,,,8,15,1
208,96,,,8,15,1
224,96,,,8,15,1
240,96,,,8,15,1
256,96,,,8,15,1
272,96,,,8,15,1
488,368,8,16,4,15,1
488,368,8,16,0,4,3
488,368,8,16,4,0,5
488,368,8,16,15,4,7
376,384,8,16,2,15,1
376,384,8,16,0,2,3
376,384,8,16,4,0,5
376,384,8,16,15,4,7
288,96,,,8,15,1
288,96,,,0,8,3
288,96,,,8,0,5
288,96,,,15,8,7
304,96,,,8,15,1
304,96,,,0,8,3
304,96,,,8,0,5
304,96,,,15,8,7
320,96,,,8,15,1
320,96,,,0,8,3
320,96,,,8,0,5
320,96,,,15,8,7
336,96,,,8,8,1
352,96,,,8,8,1
368,96,,,8,8,1
384,96,,,8,8,1
400,96,,,8,8,1
416,96,,,8,8,1
432,96,,,7,8,1
448,96,,,8,15,1
464,96,,,8,15,1
480,96,,,8,8,1
496,96,,,8,8,1
480,352,8,16,4,15,1
,112,,,8,8,1
,112,,,8,8,3
,112,,,8,8,5
,112,,,8,8,7
16,112,,,8,8,1
16,112,,,8,8,3
16,112,,,8,8,5
16,112,,,8,8,7
32,112,,,8,8,1
32,112,,,8,8,3
32,112,,,8,8,5
32,112,,,8,8,7
48,112,,,8,8,1
48,112,,,8,8,3
48,112,,,8,8,5
48,112,,,8,8,7
64,112,,,8,15,1
80,112,,,1,15,1
96,112,,,8,15,1
112,112,,,8,15,1
96,112,,,8,15,9
128,112,,,8,15,1
144,120,16,8,8,7,1
160,120,16,8,8,7,1
144,112,16,8,8,7,1
160,112,16,8,8,7,1
176,112,,,8,8,1
176,112,,,8,8,3
176,112,,,8,8,5
176,112,,,8,8,7
192,112,,,8,8,1
192,112,,,8,8,3
192,112,,,8,8,5
192,112,,,8,8,7
208,112,,,8,8,1
208,112,,,8,8,3
208,112,,,8,8,5
208,112,,,8,8,7
224,112,,,8,8,1
224,112,,,8,8,3
224,112,,,8,8,5
224,112,,,8,8,7
240,112,,,8,8,1
240,112,,,8,8,3
240,112,,,8,8,5
240,112,,,8,8,7
256,112,,,8,8,1
256,112,,,8,8,9
256,112,,,8,8,3
256,112,,,8,8,11
256,112,,,8,8,5
256,112,,,8,8,13
256,112,,,8,8,7
256,112,,,8,8,15
272,112,,,8,8,1
272,112,,,8,8,3
272,112,,,8,8,5
272,112,,,8,8,7
288,112,,,8,8,1
304,112,,,8,8,1
288,112,,,8,8,3
304,112,,,8,8,3
288,112,,,8,8,5
304,112,,,8,8,5
288,112,,,8,8,7
304,112,,,8,8,7
320,112,,,8,8,1
336,112,,,8,8,1
320,112,,,8,8,9
336,112,,,8,8,9
352,112,,,8,8,1
352,112,,,8,8,9
352,112,,,8,8,3
352,112,,,8,8,11
352,112,,,8,8,5
352,112,,,8,8,13
352,112,,,8,8,7
352,112,,,8,8,15
368,112,,,8,8,1
368,112,,,8,8,9
368,112,,,8,8,3
368,112,,,8,8,11
368,112,,,8,8,5
368,112,,,8,8,13
368,112,,,8,8,7
368,112,,,8,8,15
384,112,,,8,8,1
384,112,,,8,8,3
384,112,,,8,8,5
384,112,,,8,8,7
400,112,,,8,8,1
400,112,,,8,8,3
400,112,,,8,8,5
400,112,,,8,8,7
416,112,,,8,8,1
416,112,,,8,8,3
416,112,,,8,8,5
416,112,,,8,8,7
432,112,,,8,15,1
416,400,8,16,2,12,1
424,400,8,16,2,12,1
432,400,8,16,2,12,1
440,400,8,16,2,12,1
448,400,8,16,2,12,1
456,400,8,16,2,12,1
320,128,,,8,8,1
336,128,,,8,8,1
352,128,,,8,8,1
368,128,,,8,8,1
384,128,,,8,8,1
400,128,,,8,8,1
416,128,,,8,8,1
432,128,,,8,8,1
448,128,,,8,8,1
464,128,,,8,8,1
480,128,,,8,8,1
496,128,,,8,8,1
,272,,,8,15,1
16,272,,,8,15,1
,272,,,8,15,9
32,272,,,8,15,1
48,272,,,8,15,1
48,272,,,8,15,1
48,272,,,8,15,9
48,272,,,8,15,9
64,272,,,8,15,1
80,272,,,8,15,1
64,272,,,8,15,9
96,272,,,8,15,1
112,272,,,8,15,1
112,272,,,8,15,1
112,272,,,8,15,9
112,272,,,8,15,9
128,272,,,8,15,1
144,272,,,8,15,1
128,272,,,8,15,9
160,272,,,8,15,1
176,272,,,8,15,1
176,272,,,8,15,1
176,272,,,8,15,9
176,272,,,8,15,9
192,272,,,8,15,1
208,272,,,8,15,1
192,272,,,8,15,9
224,272,,,8,15,1
240,272,,,8,15,1
240,272,,,8,15,1
240,272,,,8,15,9
240,272,,,8,15,9
,144,,,8,15,1
16,144,,,8,15,1
,144,,,8,15,1
32,144,,,8,15,1
48,144,,,8,15,1
64,144,,,8,15,1
48,144,,,8,15,1
64,144,,,8,15,9
,144,,,8,15,9
16,144,,,8,15,9
,144,,,8,15,9
32,144,,,8,15,9
80,144,,,8,15,1
96,144,,,8,15,1
80,144,,,8,15,1
96,144,,,8,15,9
112,144,,,8,15,1
112,144,,,8,15,1
112,144,,,8,15,9
112,144,,,8,15,9
128,144,,,8,15,1
144,144,,,8,15,1
128,144,,,8,15,1
160,144,,,8,15,1
176,144,,,8,15,1
192,144,,,8,15,1
176,144,,,8,15,1
192,144,,,8,15,9
128,144,,,8,15,9
144,144,,,8,15,9
128,144,,,8,15,9
160,144,,,8,15,9
208,144,,,8,15,1
224,144,,,8,15,1
208,144,,,8,15,1
224,144,,,8,15,9
240,144,,,8,15,1
240,144,,,8,15,1
240,144,,,8,15,9
240,144,,,8,15,9
256,144,,,8,15,1
272,144,,,8,15,1
256,144,,,8,15,1
288,144,,,8,15,1
304,144,,,8,15,1
320,144,,,8,15,1
304,144,,,8,15,1
320,144,,,8,15,9
256,144,,,8,15,9
272,144,,,8,15,9
256,144,,,8,15,9
288,144,,,8,15,9
336,144,,,8,15,1
352,144,,,8,15,1
336,144,,,8,15,1
352,144,,,8,15,9
368,144,,,8,15,1
368,144,,,8,15,1
368,144,,,8,15,9
368,144,,,8,15,9
384,144,,,8,15,1
400,144,,,8,15,1
384,144,,,8,15,1
416,144,,,8,15,1
432,144,,,8,15,1
448,144,,,8,15,1
432,144,,,8,15,1
448,144,,,8,15,9
384,144,,,8,15,9
400,144,,,8,15,9
384,144,,,8,15,9
416,144,,,8,15,9
464,144,,,8,15,1
480,144,,,8,15,1
464,144,,,8,15,1
480,144,,,8,15,9
496,144,,,8,15,1
496,144,,,8,15,1
496,144,,,8,15,9
496,144,,,8,15,9
,160,,,8,15,1
16,160,,,8,15,1
,160,,,8,15,1
32,160,,,8,15,1
48,160,,,8,15,1
64,160,,,8,15,1
48,160,,,8,15,1
64,160,,,8,15,9
,160,,,8,15,9
16,160,,,8,15,9
,160,,,8,15,9
32,160,,,8,15,9
80,160,,,8,15,1
96,160,,,8,15,1
80,160,,,8,15,1
96,160,,,8,15,9
112,160,,,8,15,1
112,160,,,8,15,1
112,160,,,8,15,9
112,160,,,8,15,9
128,160,,,8,15,1
144,160,,,8,15,1
128,160,,,8,15,1
160,160,,,8,15,1
176,160,,,8,15,1
192,160,,,8,15,1
176,160,,,8,15,1
192,160,,,8,15,9
128,160,,,8,15,9
144,160,,,8,15,9
128,160,,,8,15,9
160,160,,,8,15,9
208,160,,,8,15,1
224,160,,,8,15,1
208,160,,,8,15,1
224,160,,,8,15,9
240,160,,,8,15,1
240,160,,,8,15,1
240,160,,,8,15,9
240,160,,,8,15,9
256,160,,,8,15,1
272,160,,,8,15,1
256,160,,,8,15,1
288,160,,,8,15,1
304,160,,,8,15,1
320,160,,,8,15,1
304,160,,,8,15,1
320,160,,,8,15,9
256,160,,,8,15,9
272,160,,,8,15,9
256,160,,,8,15,9
288,160,,,8,15,9
336,160,,,8,15,1
352,160,,,8,15,1
336,160,,,8,15,1
352,160,,,8,15,9
368,160,,,8,15,1
368,160,,,8,15,1
368,160,,,8,15,9
368,160,,,8,15,9
384,160,,,8,15,1
400,160,,,8,15,1
384,160,,,8,15,1
416,160,,,8,15,1
432,160,,,8,15,1
448,160,,,8,15,1
432,160,,,8,15,1
448,160,,,8,15,9
384,160,,,8,15,9
400,160,,,8,15,9
384,160,,,8,15,9
416,160,,,8,15,9
464,160,,,8,15,1
480,160,,,8,15,1
464,160,,,8,15,1
480,160,,,8,15,9
496,160,,,8,15,1
496,160,,,8,15,1
496,160,,,8,15,9
496,160,,,8,15,9
,176,,,8,15,1
16,176,,,8,15,1
,176,,,8,15,1
32,176,,,8,15,1
48,176,,,8,15,1
64,176,,,8,15,1
48,176,,,8,15,1
64,176,,,8,15,9
,176,,,8,15,9
16,176,,,8,15,9
,176,,,8,15,9
32,176,,,8,15,9
80,176,,,8,15,1
96,176,,,8,15,1
80,176,,,8,15,1
96,176,,,8,15,9
112,176,,,8,15,1
112,176,,,8,15,1
112,176,,,8,15,9
112,176,,,8,15,9
128,176,,,8,15,1
144,176,,,8,15,1
128,176,,,8,15,1
160,176,,,8,15,1
176,176,,,8,15,1
192,176,,,8,15,1
176,176,,,8,15,1
192,176,,,8,15,9
128,176,,,8,15,9
144,176,,,8,15,9
128,176,,,8,15,9
160,176,,,8,15,9
208,176,,,8,15,1
224,176,,,8,15,1
208,176,,,8,15,1
224,176,,,8,15,9
240,176,,,8,15,1
240,176,,,8,15,1
240,176,,,8,15,9
240,176,,,8,15,9
256,176,,,8,15,1
272,176,,,8,15,1
256,176,,,8,15,1
288,176,,,8,15,1
304,176,,,8,15,1
320,176,,,8,15,1
304,176,,,8,15,1
320,176,,,8,15,9
256,176,,,8,15,9
272,176,,,8,15,9
256,176,,,8,15,9
288,176,,,8,15,9
336,176,,,8,15,1
352,176,,,8,15,1
336,176,,,8,15,1
352,176,,,8,15,9
368,176,,,8,15,1
368,176,,,8,15,1
368,176,,,8,15,9
368,176,,,8,15,9
384,176,,,8,15,1
400,176,,,8,15,1
384,176,,,8,15,1
416,176,,,8,15,1
432,176,,,8,15,1
448,176,,,8,15,1
432,176,,,8,15,1
448,176,,,8,15,9
384,176,,,8,15,9
400,176,,,8,15,9
384,176,,,8,15,9
416,176,,,8,15,9
464,176,,,8,15,1
480,176,,,8,15,1
464,176,,,8,15,1
480,176,,,8,15,9
496,176,,,8,15,1
496,176,,,8,15,1
496,176,,,8,15,9
496,176,,,8,15,9
,192,,,8,15,1
16,192,,,8,15,1
,192,,,8,15,1
32,192,,,8,15,1
48,192,,,8,15,1
64,192,,,8,15,1
48,192,,,8,15,1
64,192,,,8,15,9
,192,,,8,15,9
16,192,,,8,15,9
,192,,,8,15,9
32,192,,,8,15,9
80,192,,,8,15,1
96,192,,,8,15,1
80,192,,,8,15,1
96,192,,,8,15,9
112,192,,,8,15,1
112,192,,,8,15,1
112,192,,,8,15,9
112,192,,,8,15,9
128,192,,,8,15,1
144,192,,,8,15,1
128,192,,,8,15,1
160,192,,,8,15,1
176,192,,,8,15,1
192,192,,,8,15,1
176,192,,,8,15,1
192,192,,,8,15,9
128,192,,,8,15,9
144,192,,,8,15,9
128,192,,,8,15,9
160,192,,,8,15,9
208,192,,,8,15,1
224,192,,,8,15,1
208,192,,,8,15,1
224,192,,,8,15,9
240,192,,,8,15,1
240,192,,,8,15,1
240,192,,,8,15,9
240,192,,,8,15,9
256,192,,,8,15,1
272,192,,,8,15,1
256,192,,,8,15,1
288,192,,,8,15,1
304,192,,,8,15,1
320,192,,,8,15,1
304,192,,,8,15,1
320,192,,,8,15,9
256,192,,,8,15,9
272,192,,,8,15,9
256,192,,,8,15,9
288,192,,,8,15,9
336,192,,,8,15,1
352,192,,,8,15,1
336,192,,,8,15,1
352,192,,,8,15,9
368,192,,,8,15,1
368,192,,,8,15,1
368,192,,,8,15,9
368,192,,,8,15,9
384,192,,,8,15,1
400,192,,,8,15,1
384,192,,,8,15,1
416,192,,,8,15,1
432,192,,,8,15,1
448,192,,,8,15,1
432,192,,,8,15,1
448,192,,,8,15,9
384,192,,,8,15,9
400,192,,,8,15,9
384,192,,,8,15,9
416,192,,,8,15,9
464,192,,,8,15,1
480,192,,,8,15,1
464,192,,,8,15,1
480,192,,,8,15,9
496,192,,,8,15,1
496,192,,,8,15,1
496,192,,,8,15,9
496,192,,,8,15,9
,208,,,8,15,1
16,208,,,8,15,1
,208,,,8,15,1
32,208,,,8,15,1
48,208,,,8,15,1
64,208,,,8,15,1
48,208,,,8,15,1
64,208,,,8,15,9
,208,,,8,15,9
16,208,,,8,15,9
,208,,,8,15,9
32,208,,,8,15,9
80,208,,,8,15,1
96,208,,,8,15,1
80,208,,,8,15,1
96,208,,,8,15,9
112,208,,,8,15,1
112,208,,,8,15,1
112,208,,,8,15,9
112,208,,,8,15,9
128,208,,,8,15,1
144,208,,,8,15,1
128,208,,,8,15,1
160,208,,,8,15,1
176,208,,,8,15,1
192,208,,,8,15,1
176,208,,,8,15,1
192,208,,,8,15,9
128,208,,,8,15,9
144,208,,,8,15,9
128,208,,,8,15,9
160,208,,,8,15,9
208,208,,,8,15,1
224,208,,,8,15,1
208,208,,,8,15,1
224,208,,,8,15,9
240,208,,,8,15,1
240,208,,,8,15,1
240,208,,,8,15,9
240,208,,,8,15,9
256,208,,,8,15,1
272,208,,,8,15,1
256,208,,,8,15,1
288,208,,,8,15,1
304,208,,,8,15,1
320,208,,,8,15,1
304,208,,,8,15,1
320,208,,,8,15,9
256,208,,,8,15,9
272,208,,,8,15,9
256,208,,,8,15,9
288,208,,,8,15,9
336,208,,,8,15,1
352,208,,,8,15,1
336,208,,,8,15,1
352,208,,,8,15,9
368,208,,,8,15,1
368,208,,,8,15,1
368,208,,,8,15,9
368,208,,,8,15,9
384,208,,,8,15,1
400,208,,,8,15,1
384,208,,,8,15,1
416,208,,,8,15,1
432,208,,,8,15,1
448,208,,,8,15,1
432,208,,,8,15,1
448,208,,,8,15,9
384,208,,,8,15,9
400,208,,,8,15,9
384,208,,,8,15,9
416,208,,,8,15,9
464,208,,,8,15,1
480,208,,,8,15,1
464,208,,,8,15,1
480,208,,,8,15,9
496,208,,,8,15,1
496,208,,,8,15,1
496,208,,,8,15,9
496,208,,,8,15,9
,224,,,8,15,1
16,224,,,8,15,1
,224,,,8,15,1
32,224,,,8,15,1
48,224,,,8,15,1
64,224,,,8,15,1
48,224,,,8,15,1
64,224,,,8,15,9
,224,,,8,15,9
16,224,,,8,15,9
,224,,,8,15,9
32,224,,,8,15,9
80,224,,,8,15,1
96,224,,,8,15,1
80,224,,,8,15,1
96,224,,,8,15,9
112,224,,,8,15,1
112,224,,,8,15,1
112,224,,,8,15,9
112,224,,,8,15,9
128,224,,,8,15,1
144,224,,,8,15,1
128,224,,,8,15,1
160,224,,,8,15,1
176,224,,,8,15,1
192,224,,,8,15,1
176,224,,,8,15,1
192,224,,,8,15,9
128,224,,,8,15,9
144,224,,,8,15,9
128,224,,,8,15,9
160,224,,,8,15,9
208,224,,,8,15,1
224,224,,,8,15,1
208,224,,,8,15,1
224,224,,,8,15,9
240,224,,,8,15,1
240,224,,,8,15,1
240,224,,,8,15,9
240,224,,,8,15,9
256,224,,,8,15,1
272,224,,,8,15,1
256,224,,,8,15,1
288,224,,,8,15,1
304,224,,,8,15,1
320,224,,,8,15,1
304,224,,,8,15,1
320,224,,,8,15,9
256,224,,,8,15,9
272,224,,,8,15,9
256,224,,,8,15,9
288,224,,,8,15,9
336,224,,,8,15,1
352,224,,,8,15,1
336,224,,,8,15,1
352,224,,,8,15,9
368,224,,,8,15,1
368,224,,,8,15,1
368,224,,,8,15,9
368,224,,,8,15,9
384,224,,,8,15,1
400,224,,,8,15,1
384,224,,,8,15,1
416,224,,,8,15,1
432,224,,,8,15,1
448,224,,,8,15,1
432,224,,,8,15,1
448,224,,,8,15,9
384,224,,,8,15,9
400,224,,,8,15,9
384,224,,,8,15,9
416,224,,,8,15,9
464,224,,,8,15,1
480,224,,,8,15,1
464,224,,,8,15,1
480,224,,,8,15,9
496,224,,,8,15,1
496,224,,,8,15,1
496,224,,,8,15,9
496,224,,,8,15,9
,240,,,8,15,1
16,240,,,8,15,1
,240,,,8,15,1
32,240,,,8,15,1
48,240,,,8,15,1
64,240,,,8,15,1
48,240,,,8,15,1
64,240,,,8,15,9
,240,,,8,15,9
16,240,,,8,15,9
,240,,,8,15,9
32,240,,,8,15,9
80,240,,,8,15,1
96,240,,,8,15,1
80,240,,,8,15,1
96,240,,,8,15,9
112,240,,,8,15,1
112,240,,,8,15,1
112,240,,,8,15,9
112,240,,,8,15,9
128,240,,,8,15,1
144,240,,,8,15,1
128,240,,,8,15,1
160,240,,,8,15,1
176,240,,,8,15,1
192,240,,,8,15,1
176,240,,,8,15,1
192,240,,,8,15,9
128,240,,,8,15,9
144,240,,,8,15,9
128,240,,,8,15,9
160,240,,,8,15,9
208,240,,,8,15,1
224,240,,,8,15,1
208,240,,,8,15,1
224,240,,,8,15,9
240,240,,,8,15,1
240,240,,,8,15,1
240,240,,,8,15,9
240,240,,,8,15,9
256,240,,,8,15,1
272,240,,,8,15,1
256,240,,,8,15,1
288,240,,,8,15,1
304,240,,,8,15,1
320,240,,,8,15,1
304,240,,,8,15,1
320,240,,,8,15,9
256,240,,,8,15,9
272,240,,,8,15,9
256,240,,,8,15,9
288,240,,,8,15,9
336,240,,,8,15,1
352,240,,,8,15,1
336,240,,,8,15,9
352,240,,,8,15,1
368,240,,,8,15,1
368,240,,,8,15,1
368,240,,,8,15,9
368,240,,,8,15,9
384,240,,,8,15,1
400,240,,,8,15,1
384,240,,,8,15,1
416,240,,,8,15,1
432,240,,,8,15,1
448,240,,,8,15,1
432,240,,,8,15,1
448,240,,,8,15,9
384,240,,,8,15,9
400,240,,,8,15,9
384,240,,,8,15,9
416,240,,,8,15,9
464,240,,,8,15,1
480,240,,,8,15,1
464,240,,,8,15,1
480,240,,,8,15,9
496,240,,,8,15,1
496,240,,,8,15,1
496,240,,,8,15,9
496,240,,,8,15,9
,256,,,8,15,1
16,256,,,8,15,1
,256,,,8,15,1
32,256,,,8,15,1
48,256,,,8,15,1
64,256,,,8,15,1
48,256,,,8,15,1
64,256,,,8,15,9
,256,,,8,15,9
16,256,,,8,15,9
,256,,,8,15,9
32,256,,,8,15,9
80,256,,,8,15,1
96,256,,,8,15,1
80,256,,,8,15,1
96,256,,,8,15,9
112,256,,,8,15,1
112,256,,,8,15,1
112,256,,,8,15,9
112,256,,,8,15,9
128,256,,,8,15,1
144,256,,,8,15,1
128,256,,,8,15,1
160,256,,,8,15,1
176,256,,,8,15,1
192,256,,,8,15,1
176,256,,,8,15,1
192,256,,,8,15,9
128,256,,,8,15,9
144,256,,,8,15,9
128,256,,,8,15,9
160,256,,,8,15,9
208,256,,,8,15,1
224,256,,,8,15,1
208,256,,,8,15,1
224,256,,,8,15,9
240,256,,,8,15,1
240,256,,,8,15,1
240,256,,,8,15,9
240,256,,,8,15,9
,304,,,8,15,1
,304,,,8,15,9
16,304,,,8,15,1
16,304,,,8,15,9
32,304,,,8,15,1
48,304,,,8,15,1
32,304,,,8,15,9
48,304,,,8,15,9
256,256,,,8,15,1
272,256,,,8,15,1
256,256,,,8,15,1
288,256,,,8,15,1
304,256,,,8,15,1
320,256,,,8,15,1
304,256,,,8,15,1
320,256,,,8,15,9
256,256,,,8,15,9
272,256,,,8,15,9
256,256,,,8,15,9
288,256,,,8,15,9
336,256,,,8,15,1
352,256,,,8,15,1
336,256,,,8,15,1
352,256,,,8,15,9
368,256,,,8,15,1
368,256,,,8,15,1
368,256,,,8,15,9
368,256,,,8,15,9
384,256,,,8,15,1
400,256,,,8,15,1
384,256,,,8,15,1
416,256,,,8,15,1
432,256,,,8,15,1
448,256,,,8,15,1
432,256,,,8,15,1
448,256,,,8,15,9
384,256,,,8,15,9
400,256,,,8,15,9
384,256,,,8,15,9
416,256,,,8,15,9
464,256,,,8,15,1
480,256,,,8,15,1
464,256,,,8,15,1
480,256,,,8,15,9
496,256,,,8,15,1
496,256,,,8,15,1
496,256,,,8,15,9
496,256,,,8,15,9
256,272,,,8,15,1
272,272,,,8,15,1
256,272,,,8,15,9
272,272,,,8,15,9
272,272,,,8,15,1
272,272,,,8,15,9
288,272,,,8,15,1
288,272,,,8,15,9
304,272,,,8,15,1
304,272,,,8,15,9
320,272,,,8,15,1
336,272,,,8,15,1
320,272,,,8,15,9
336,272,,,8,15,9
336,272,,,8,15,1
336,272,,,8,15,9
352,272,,,8,15,1
352,272,,,8,15,9
368,272,,,8,15,1
368,272,,,8,15,9
384,272,,,8,15,1
400,272,,,8,15,1
384,272,,,8,15,1
400,272,,,8,15,9
416,272,,,8,15,1
416,272,,,8,15,9
432,272,,,8,15,1
432,272,,,8,15,9
448,272,,,8,15,1
480,272,,,8,15,9
480,272,,,8,15,1
496,272,,,8,15,9
496,272,,,8,15,1
464,272,,,0,6,9
464,272,,,16,6,1
464,272,,,0,10,25
464,272,,,16,10,17
336,384,16,8,8,7,1
432,464,16,8,8,7,1
336,392,16,8,8,4,1
432,384,16,8,8,4,1
464,392,8,8,0,8,1
432,392,8,8,0,8,1
440,392,8,8,0,8,1
448,384,8,16,0,16,1
456,384,8,16,0,16,1
464,384,8,8,8,8,1
464,384,8,8,0,8,9
464,384,8,8,8,0,17
464,384,8,8,,,25
472,384,8,8,4,4,1
48,288,,,8,8,1
64,288,,,8,8,1
80,288,,,8,8,1
64,288,,,8,8,9
96,288,,,8,8,1
112,288,,,8,8,1
128,288,,,8,8,1
112,288,,,8,8,9
,288,,,8,8,1
16,288,,,8,8,1
32,288,,,8,8,1
144,288,,,8,8,1
160,288,,,8,8,1
176,288,,,8,8,1
160,288,,,8,8,9
192,288,,,8,8,1
208,288,,,8,8,1
224,288,,,8,8,1
240,288,,,8,8,1
256,288,,,8,8,1
272,288,,,8,8,1
288,288,,,8,8,1
304,288,,,8,8,1
320,288,,,8,8,1
336,288,,,8,8,1
352,288,,,8,8,1
368,288,,,8,8,1
384,288,,,8,8,1
400,288,,,8,8,1
416,288,,,8,8,1
432,288,,,8,8,1
416,288,,,8,8,1
448,288,,,8,8,1
464,288,,,8,8,1
480,288,,,8,8,1
496,288,,,8,8,1
64,304,,,8,8,1
80,304,,,8,8,1
96,304,,,8,8,1
112,304,,,8,8,1
128,304,,,8,15,1
144,304,,,8,15,1
160,304,,,8,15,1
128,304,48,16,24,15,1
176,304,,,8,15,1
192,304,,,8,15,1
208,304,,,8,15,1
176,304,48,16,24,15,1
224,304,,,8,15,1
240,304,,,8,15,1
256,304,,,8,15,1
224,304,48,16,24,15,1
272,304,,,8,15,1
288,304,,,8,15,1
304,304,,,8,15,1
272,304,48,16,24,15,1
,416,24,32,12,16,1
24,416,24,32,12,16,1
48,416,24,32,12,16,1
72,416,24,32,12,16,1
96,416,24,32,12,16,1
120,416,24,32,12,16,1
144,416,24,32,12,16,1
120,416,24,32,12,16,9
96,416,24,32,12,16,9
72,416,24,32,12,16,9
48,416,24,32,12,16,9
24,416,24,32,12,16,9
,448,24,32,12,16,1
24,448,24,32,12,16,1
48,448,24,32,12,16,1
72,448,24,32,12,16,1
96,448,24,32,12,16,1
120,448,24,32,12,16,1
144,448,24,32,12,16,1
120,448,24,32,12,16,9
96,448,24,32,12,16,9
72,448,24,32,12,16,9
48,448,24,32,12,16,9
24,448,24,32,12,16,9
,480,24,32,12,16,1
24,480,24,32,12,16,1
48,480,24,32,12,16,1
72,480,24,32,12,16,1
96,480,24,32,12,16,1
120,480,24,32,12,16,1
144,480,24,32,12,16,1
120,480,24,32,12,16,9
96,480,24,32,12,16,9
72,480,24,32,12,16,9
48,480,24,32,12,16,9
24,480,24,32,12,16,9
168,416,24,32,12,16,1
192,416,24,32,12,16,1
216,416,24,32,12,16,1
168,448,24,32,12,16,1
192,448,24,32,12,16,1
216,448,24,32,12,16,1
352,400,32,16,16,0,1
384,400,32,16,16,0,1
264,448,24,8,12,8,1
264,456,24,8,12,8,1
264,464,24,8,12,8,1
264,456,24,8,12,8,9
176,480,16,8,8,8,1
176,488,16,8,8,8,1
400,472,16,8,8,0,1
400,480,16,8,8,0,1
400,488,16,8,8,0,1
320,384,8,16,4,8,1
424,488,8,16,4,8,1
352,416,16,8,8,8,1
352,424,16,8,8,0,1
352,432,16,8,8,0,1
352,416,16,24,8,12,1
416,472,8,16,4,8,1
424,472,8,16,4,8,1
432,472,8,16,4,8,1
440,472,8,16,4,8,1
400,440,8,16,4,8,1
408,440,8,16,4,8,1
416,440,8,16,4,8,1
424,440,8,16,4,8,1
400,456,8,16,4,8,1
408,456,8,16,4,8,1
416,456,8,16,4,8,1
424,456,8,16,4,8,1
472,400,8,8,4,4,1
472,408,8,8,4,4,1
480,480,8,8,4,4,1
488,480,8,8,4,4,1
480,480,8,8,4,4,9
488,480,8,8,4,4,1
496,480,8,8,4,4,1
504,480,8,8,4,4,1
496,480,8,8,4,4,9
504,480,8,8,4,4,1
288,504,8,8,4,4,1
296,504,8,8,4,4,1
304,504,8,8,4,4,1
296,504,8,8,4,4,1
264,472,8,8,4,4,1
272,472,8,8,4,4,1
280,472,8,8,4,4,1
464,408,8,8,3,4,1
464,400,8,8,3,4,1
440,488,8,16,3,8,1
432,488,8,16,3,8,1
368,416,16,24,8,12,1
448,112,,,8,8,1
464,112,,,8,8,1
480,112,,,8,8,1
496,112,,,8,8,1
432,440,16,8,7,4,1
432,448,16,8,7,4,1
432,456,16,8,7,4,1
384,432,8,8,4,4,1
392,432,8,8,4,4,1
496,368,8,8,3,4,1
496,376,8,8,3,4,1
504,368,8,16,3,0,1
192,128,,,8,8,1
208,128,,,8,8,1
224,128,,,8,8,1
240,128,,,8,8,1
256,128,,,8,8,1
272,128,,,8,8,1
288,128,,,8,8,1
304,128,,,8,8,1
,128,,,8,8,1
16,128,,,8,8,1
32,128,,,8,8,1
48,128,,,8,8,1
64,128,,,8,15,1
80,128,,,8,15,1
96,128,,,8,15,1
112,128,,,8,15,1
128,128,,,8,15,1
144,128,,,8,15,1
160,128,,,8,15,1
176,128,,,8,15,1
96,384,32,32,16,16,1
128,384,32,32,16,16,1
160,384,32,32,16,16,1
192,384,32,32,16,16,1
224,384,32,32,16,16,1
256,384,32,32,16,16,1
288,384,32,32,16,16,1
320,400,32,16,16,0,1
,320,32,32,16,16,1
32,320,32,32,16,16,1
64,320,32,32,16,16,1
96,320,32,32,16,16,1
96,320,32,32,16,16,9
128,320,32,32,16,31,1
160,320,32,32,16,31,1
192,320,32,32,16,31,1
224,320,32,32,16,31,1
128,320,32,32,16,31,9
160,320,32,32,16,31,9
192,320,32,32,16,31,9
224,320,32,32,16,31,9
256,320,32,32,16,31,1
288,320,32,32,16,31,1
256,320,32,32,16,31,1
320,320,32,32,16,31,1
256,320,32,32,16,31,9
288,320,32,32,16,31,9
256,320,32,32,16,31,9
320,320,32,32,16,31,9
256,320,32,32,16,31,1
352,320,32,32,16,31,1
256,320,32,32,16,31,9
352,320,32,32,16,31,9
384,320,32,32,16,31,1
416,320,32,32,16,31,1
448,320,32,32,16,31,1
384,320,32,32,16,31,9
416,320,32,32,16,31,9
448,320,32,32,16,31,9
480,336,32,16,16,15,1
480,336,32,16,16,15,9
,384,32,32,16,16,17
32,384,32,32,16,16,1
64,384,32,32,16,16,1
336,480,16,32,8,16,17
64,384,32,32,16,16,1
336,480,16,32,8,16,1
240,416,24,32,12,16,1
264,416,24,32,12,16,1
336,448,16,32,8,24,1
240,448,24,32,12,31,1
336,416,16,32,8,31,1
416,496,8,8,4,0,1
416,488,8,8,4,8,1
496,320,16,8,8,8,1
480,320,16,8,8,8,1
,352,32,32,16,16,1
32,352,32,32,16,16,1
64,352,32,32,16,16,1
96,352,32,32,16,16,1
128,352,32,32,16,16,1
160,352,32,32,16,16,1
192,352,32,32,16,16,1
224,352,32,32,16,16,1
256,352,32,32,16,16,1
288,352,32,32,16,16,1
320,352,32,32,16,16,1
352,352,32,32,16,16,1
384,352,32,32,16,16,1
416,352,32,32,16,16,1
448,352,32,32,16,16,1
480,400,32,48,16,32,1
480,448,32,32,16,0,1
448,416,32,32,16,0,1
416,416,32,24,16,0,1
480,384,32,16,16,0,1
384,416,32,16,16,0,1
464,448,16,32,8,31,1
448,448,16,32,8,31,1
448,480,16,32,8,31,1
464,480,16,32,8,0,1
288,416,24,48,12,47,1
288,464,24,40,12,39,1
320,304,,,8,8,1
336,304,,,8,8,1
352,304,,,8,8,1
312,416,24,48,24,32,1
312,416,24,48,0,32,9
352,440,48,72,24,36,1
368,304,80,16,8,8,1
448,304,64,16,8,8,9
480,496,24,16,12,8,1
496,488,,,8,8,1
480,496,32,8,16,4,1
480,488,24,16,12,8,1
488,488,16,24,8,12,1
488,496,24,16,12,8,1
192,480,96,32,48,16,1
400,504,32,8,16,4,1
400,504,24,8,24,4,1
400,504,24,8,0,4,9
432,504,8,8,4,4,1
440,504,8,8,4,4,1
400,432,8,8,4,4,1
408,432,8,8,4,4,1
312,464,24,48,12,42,1
,,,,8,15,1
,,,,8,15,1
,,,,8,15,1
,,,,8,15,1
,,,,8,15,1
,,,,8,15,1
,,,,8,15,1
,,,,8,15,1
,,,,8,15,1
,,,,8,15,1
,,,,8,15,1
,,,,8,15,1
,,,,8,15,1
,,,,8,15,1
,,,,8,15,1
,,,,8,15,1
,,,,8,15,1
,,,,8,15,1
,,,,8,15,1
,,,,8,15,1
,,,,8,15,1
,,,,8,15,1
,,,,8,15,1
,,,,8,15,1
,,,,8,15,1
,,,,8,15,1
,,,,8,15,1
,,,,8,15,1
,,,,8,15,1
,,,,8,15,1
,,,,8,15,1
,,,,8,15,1
,,,,8,15,1
,,,,8,15,1
,,,,8,15,1
,,,,8,15,1
,,,,8,15,1
,,,,8,15,1
,,,,8,15,1
,,,,8,15,1
,,,,8,15,1
,,,,8,15,1
,,,,8,15,1
,,,,8,15,1
,,,,8,15,1
,,,,8,15,1
,,,,8,15,1
,,,,8,15,1
,,,,8,15,1
,,,,8,15,1
,,,,8,15,1
,,,,8,15,1
,,,,8,15,1
,,,,8,15,1
,,,,8,15,1
,,,,8,15,1
,,,,8,15,1
,,,,8,15,1
,,,,8,15,1
,,,,8,15,1
,,,,8,15,1
,,,,8,15,1
,,,,8,15,1
,,,,8,15,1
,,,,8,15,1
,,,,8,15,1
,,,,8,15,1
,,,,8,15,1
,,,,8,15,1
,,,,8,15,1
,,,,8,15,1
,,,,8,15,1
,,,,8,15,1
,,,,8,15,1
,,,,8,15,1
,,,,8,15,1
,,,,8,15,1
,,,,8,15,1
,,,,8,15,1
,,,,8,15,1
,,,,8,15,1
,,,,8,15,1
,,,,8,15,1
,,,,8,15,1
,,,,8,15,1
,,,,8,15,1
,,,,8,15,1
,,,,8,15,1
,,,,8,15,1
,,,,8,15,1
,,,,8,15,1
,,,,8,15,1
,,,,8,15,1
,,,,8,15,1
,,,,8,15,1
,,,,8,15,1
,,,,8,15,1
,,,,8,15,1
,,,,8,15,1
,,,,8,15,1
,,,,8,15,1
,,,,8,15,1
,,,,8,15,1
,,,,8,15,1
,,,,8,15,1
,,,,8,15,1
,,,,8,15,1
,,,,8,15,1
,,,,8,15,1
,,,,8,15,1
,,,,8,15,1
,,,,8,15,1
,,,,8,15,1
,,,,8,15,1
,,,,8,15,1
,,,,8,15,1
,,,,8,15,1
,,,,8,15,1
,,,,8,15,1
,,,,8,15,1
,,,,8,15,1
,,,,8,15,1
,,,,8,15,1
,,,,8,15,1
,,,,8,15,1
,,,,8,15,1
,,,,8,15,1
,,,,8,15,1
,,,,8,15,1
,,,,8,15,1
,,,,8,15,1
,,,,8,15,1
,,,,8,15,1
,,,,8,15,1
,,,,8,15,1
,,,,8,15,1
,,,,8,15,1
,,,,8,15,1
,,,,8,15,1
,,,,8,15,1
,,,,8,15,1
,,,,8,15,1
,,,,8,15,1
,,,,8,15,1
,,,,8,15,1
,,,,8,15,1
,,,,8,15,1
,,,,8,15,1
,,,,8,15,1
,,,,8,15,1
,,,,8,15,1
,,,,8,15,1
,,,,8,15,1
,,,,8,15,1
,,,,8,15,1
,,,,8,15,1
,,,,8,15,1
,,,,8,15,1
,,,,8,15,1
,,,,8,15,1
,,,,8,15,1
,,,,8,15,1
,,,,8,15,1
,,,,8,15,1
,,,,8,15,1
,,,,8,15,1
,,,,8,15,1
,,,,8,15,1
,,,,8,15,1
,,,,8,15,1
,,,,8,15,1
,,,,8,15,1
,,,,8,15,1
,,,,8,15,1
,,,,8,15,1
,,,,8,15,1
,,,,8,15,1
,,,,8,15,1
,,,,8,15,1
,,,,8,15,1
,,,,8,15,1
,,,,8,15,1
,,,,8,15,1
,,,,8,15,1
,,,,8,15,1
,,,,8,15,1
,,,,8,15,1
,,,,8,15,1
,,,,8,15,1
,,,,8,15,1
,,,,8,15,1
,,,,8,15,1
,,,,8,15,1
,,,,8,15,1
,,,,8,15,1
,,,,8,15,1
,,,,8,15,1
,,,,8,15,1
,,,,8,15,1
,,,,8,15,1
,,,,8,15,1
,,,,8,15,1
,,,,8,15,1
,,,,8,15,1
,,,,8,15,1
,,,,8,15,1
,,,,8,15,1
,,,,8,15,1
,,,,8,15,1
,,,,8,15,1
,,,,8,15,1
,,,,8,15,1
,,,,8,15,1
,,,,8,15,1
,,,,8,15,1
,,,,8,15,1
,,,,8,15,1
,,,,8,15,1
,,,,8,15,1
,,,,8,15,1
,,,,8,15,1
,,,,8,15,1
,,,,8,15,1
,,,,8,15,1
,,,,8,15,1
,,,,8,15,1
,,,,8,15,1
,,,,8,15,1
,,,,8,15,1
,,,,8,15,1
,,,,8,15,1
,,,,8,15,1
,,,,8,15,1
,,,,8,15,1
,,,,8,15,1
,,,,8,15,1
,,,,8,15,1
,,,,8,15,1
,,,,8,15,1
,,,,8,15,1
,,,,8,15,1
,,,,8,15,1
,,,,8,15,1
,,,,8,15,1
,,,,8,15,1
,,,,8,15,1
,,,,8,15,1
,,,,8,15,1
,,,,8,15,1
,,,,8,15,1
,,,,8,15,1
,,,,8,15,1
,,,,8,15,1
,,,,8,15,1
,,,,8,15,1
,,,,8,15,1
,,,,8,15,1
,,,,8,15,1
,,,,8,15,1
,,,,8,15,1
,,,,8,15,1
,,,,8,15,1
,,,,8,15,1
,,,,8,15,1
,,,,8,15,1
,,,,8,15,1
,,,,8,15,1
,,,,8,15,1
,,,,8,15,1
,,,,8,15,1
,,,,8,15,1
,,,,8,15,1
,,,,8,15,1
,,,,8,15,1
,,,,8,15,1
,,,,8,15,1
,,,,8,15,1
,,,,8,15,1
,,,,8,15,1
,,,,8,15,1
,,,,8,15,1
,,,,8,15,1
,,,,8,15,1
,,,,8,15,1
,,,,8,15,1
,,,,8,15,1
,,,,8,15,1
,,,,8,15,1
,,,,8,15,1
,,,,8,15,1
,,,,8,15,1
,,,,8,15,1
,,,,8,15,1
,,,,8,15,1
,,,,8,15,1
,,,,8,15,1
,,,,8,15,1
,,,,8,15,1
,,,,8,15,1
,,,,8,15,1
,,,,8,15,1
,,,,8,15,1
,,,,8,15,1
,,,,8,15,1
,,,,8,15,1
,,,,8,15,1
,,,,8,15,1
,,,,8,15,1
,,,,8,15,1
,,,,8,15,1
,,,,8,15,1
,,,,8,15,1
,,,,8,15,1
,,,,8,15,1
,,,,8,15,1
,,,,8,15,1
,,,,8,15,1
,,,,8,15,1
,,,,8,15,1
,,,,8,15,1
,,,,8,15,1
,,,,8,15,1
,,,,8,15,1
,,,,8,15,1
,,,,8,15,1
,,,,8,15,1
,,,,8,15,1
,,,,8,15,1
,,,,8,15,1
,,,,8,15,1
,,,,8,15,1
,,,,8,15,1
,,,,8,15,1
,,,,8,15,1
,,,,8,15,1
,,,,8,15,1
,,,,8,15,1
,,,,8,15,1
,,,,8,15,1
,,,,8,15,1
,,,,8,15,1
,,,,8,15,1
,,,,8,15,1
,,,,8,15,1
,,,,8,15,1
,,,,8,15,1
,,,,8,15,1
,,,,8,15,1
,,,,8,15,1
,,,,8,15,1
,,,,8,15,1
,,,,8,15,1
,,,,8,15,1
,,,,8,15,1
,,,,8,15,1
,,,,8,15,1
,,,,8,15,1
,,,,8,15,1
,,,,8,15,1
,,,,8,15,1
,,,,8,15,1
,,,,8,15,1
,,,,8,15,1
,,,,8,15,1
,,,,8,15,1
,,,,8,15,1
,,,,8,15,1
,,,,8,15,1
,,,,8,15,1
,,,,8,15,1
,,,,8,15,1
,,,,8,15,1
,,,,8,15,1
,,,,8,15,1
,,,,8,15,1
,,,,8,15,1
,,,,8,15,1
,,,,8,15,1
,,,,8,15,1
,,,,8,15,1
,,,,8,15,1
,,,,8,15,1
,,,,8,15,1
,,,,8,15,1
,,,,8,15,1
,,,,8,15,1
,,,,8,15,1
,,,,8,15,1
,,,,8,15,1
,,,,8,15,1
,,,,8,15,1
,,,,8,15,1
,,,,8,15,1
,,,,8,15,1
,,,,8,15,1
,,,,8,15,1
,,,,8,15,1
,,,,8,15,1
,,,,8,15,1
,,,,8,15,1
,,,,8,15,1
,,,,8,15,1
,,,,8,15,1
,,,,8,15,1
,,,,8,15,1
,,,,8,15,1
,,,,8,15,1
,,,,8,15,1
,,,,8,15,1
,,,,8,15,1
,,,,8,15,1
,,,,8,15,1
,,,,8,15,1
,,,,8,15,1
,,,,8,15,1
,,,,8,15,1
,,,,8,15,1
,,,,8,15,1
,,,,8,15,1
,,,,8,15,1
,,,,8,15,1
,,,,8,15,1
,,,,8,15,1
,,,,8,15,1
,,,,8,15,1
,,,,8,15,1
,,,,8,15,1
,,,,8,15,1
,,,,8,15,1
,,,,8,15,1
,,,,8,15,1
,,,,8,15,1
,,,,8,15,1
,,,,8,15,1
,,,,8,15,1
,,,,8,15,1
,,,,8,15,1
,,,,8,15,1
,,,,8,15,1
,,,,8,15,1
,,,,8,15,1
,,,,8,15,1
,,,,8,15,1
,,,,8,15,1
,,,,8,15,1
,,,,8,15,1
,,,,8,15,1
,,,,8,15,1
,,,,8,15,1
,,,,8,15,1
,,,,8,15,1
,,,,8,15,1
,,,,8,15,1
,,,,8,15,1
,,,,8,15,1
,,,,8,15,1
,,,,8,15,1
,,,,8,15,1
,,,,8,15,1
,,,,8,15,1
,,,,8,15,1
,,,,8,15,1
,,,,8,15,1
,,,,8,15,1
,,,,8,15,1
,,,,8,15,1
,,,,8,15,1
,,,,8,15,1
,,,,8,15,1
,,,,8,15,1
,,,,8,15,1
,,,,8,15,1
,,,,8,15,1
,,,,8,15,1
,,,,8,15,1
,,,,8,15,1
,,,,8,15,1
,,,,8,15,1
,,,,8,15,1
,,,,8,15,1
,,,,8,15,1
,,,,8,15,1
,,,,8,15,1
,,,,8,15,1
,,,,8,15,1
,,,,8,15,1
,,,,8,15,1
,,,,8,15,1
,,,,8,15,1
,,,,8,15,1
,,,,8,15,1
,,,,8,15,1
,,,,8,15,1
,,,,8,15,1
,,,,8,15,1
,,,,8,15,1
,,,,8,15,1
,,,,8,15,1
,,,,8,15,1
,,,,8,15,1
,,,,8,15,1
,,,,8,15,1
,,,,8,15,1
,,,,8,15,1
,,,,8,15,1
,,,,8,15,1
,,,,8,15,1
,,,,8,15,1
,,,,8,15,1
,,,,8,15,1
,,,,8,15,1
,,,,8,15,1
,,,,8,15,1
,,,,8,15,1
,,,,8,15,1
,,,,8,15,1
,,,,8,15,1
,,,,8,15,1
,,,,8,15,1
,,,,8,15,1
,,,,8,15,1
,,,,8,15,1
,,,,8,15,1
,,,,8,15,1
,,,,8,15,1
,,,,8,15,1
,,,,8,15,1
,,,,8,15,1
,,,,8,15,1
,,,,8,15,1
,,,,8,15,1
,,,,8,15,1
,,,,8,15,1
,,,,8,15,1
,,,,8,15,1
,,,,8,15,1
,,,,8,15,1
,,,,8,15,1
,,,,8,15,1
,,,,8,15,1
,,,,8,15,1
,,,,8,15,1
,,,,8,15,1
,,,,8,15,1
,,,,8,15,1
,,,,8,15,1
,,,,8,15,1
,,,,8,15,1
,,,,8,15,1
,,,,8,15,1
,,,,8,15,1
,,,,8,15,1
,,,,8,15,1
,,,,8,15,1
,,,,8,15,1
,,,,8,15,1
,,,,8,15,1
,,,,8,15,1
,,,,8,15,1
,,,,8,15,1
,,,,8,15,1
,,,,8,15,1
,,,,8,15,1
,,,,8,15,1
,,,,8,15,1
192,480,96,32,48,16,1
